--
-- FLOAT4
--
CREATE TABLE FLOAT4_TBL (f1  float4);
CREATE TABLE
INSERT INTO FLOAT4_TBL(f1) VALUES ('    0.0');
INSERT 0 1
INSERT INTO FLOAT4_TBL(f1) VALUES ('1004.30   ');
INSERT 0 1
INSERT INTO FLOAT4_TBL(f1) VALUES ('     -34.84    ');
INSERT 0 1
INSERT INTO FLOAT4_TBL(f1) VALUES ('1.2345678901234e+20');
INSERT 0 1
INSERT INTO FLOAT4_TBL(f1) VALUES ('1.2345678901234e-20');
INSERT 0 1
-- test for over and under flow 
INSERT INTO FLOAT4_TBL(f1) VALUES ('10e40');
psql:/tmp/TestType_float4.sql:17: ERROR:  value out of range: overflow
INSERT INTO FLOAT4_TBL(f1) VALUES ('-10e40');
psql:/tmp/TestType_float4.sql:18: ERROR:  value out of range: overflow
INSERT INTO FLOAT4_TBL(f1) VALUES ('10e-40');
INSERT 0 1
INSERT INTO FLOAT4_TBL(f1) VALUES ('-10e-40');
INSERT 0 1
-- bad input
INSERT INTO FLOAT4_TBL(f1) VALUES ('');
psql:/tmp/TestType_float4.sql:23: ERROR:  invalid input syntax for type real: ""
INSERT INTO FLOAT4_TBL(f1) VALUES ('       ');
psql:/tmp/TestType_float4.sql:24: ERROR:  invalid input syntax for type real: "       "
INSERT INTO FLOAT4_TBL(f1) VALUES ('xyz');
psql:/tmp/TestType_float4.sql:25: ERROR:  invalid input syntax for type real: "xyz"
INSERT INTO FLOAT4_TBL(f1) VALUES ('5.0.0');
psql:/tmp/TestType_float4.sql:26: ERROR:  invalid input syntax for type real: "5.0.0"
INSERT INTO FLOAT4_TBL(f1) VALUES ('5 . 0');
psql:/tmp/TestType_float4.sql:27: ERROR:  invalid input syntax for type real: "5 . 0"
INSERT INTO FLOAT4_TBL(f1) VALUES ('5.   0');
psql:/tmp/TestType_float4.sql:28: ERROR:  invalid input syntax for type real: "5.   0"
INSERT INTO FLOAT4_TBL(f1) VALUES ('     - 3.0');
psql:/tmp/TestType_float4.sql:29: ERROR:  invalid input syntax for type real: "     - 3.0"
INSERT INTO FLOAT4_TBL(f1) VALUES ('123            5');
psql:/tmp/TestType_float4.sql:30: ERROR:  invalid input syntax for type real: "123            5"
-- special inputs
SELECT 'NaN'::float4;
 float4 
--------
    NaN
(1 row)

SELECT 'nan'::float4;
 float4 
--------
    NaN
(1 row)

SELECT '   NAN  '::float4;
 float4 
--------
    NaN
(1 row)

SELECT 'infinity'::float4;
  float4  
----------
 Infinity
(1 row)

SELECT '          -INFINiTY   '::float4;
  float4   
-----------
 -Infinity
(1 row)

-- bad special inputs
SELECT 'N A N'::float4;
psql:/tmp/TestType_float4.sql:39: ERROR:  invalid input syntax for type real: "N A N"
LINE 1: SELECT 'N A N'::float4;
               ^
SELECT 'NaN x'::float4;
psql:/tmp/TestType_float4.sql:40: ERROR:  invalid input syntax for type real: "NaN x"
LINE 1: SELECT 'NaN x'::float4;
               ^
SELECT ' INFINITY    x'::float4;
psql:/tmp/TestType_float4.sql:41: ERROR:  invalid input syntax for type real: " INFINITY    x"
LINE 1: SELECT ' INFINITY    x'::float4;
               ^
SELECT 'Infinity'::float4 + 100.0;
 ?column? 
----------
 Infinity
(1 row)

SELECT 'Infinity'::float4 / 'Infinity'::float4;
 ?column? 
----------
      NaN
(1 row)

SELECT 'nan'::float4 / 'nan'::float4;
 ?column? 
----------
      NaN
(1 row)

SELECT '' AS five, * FROM FLOAT4_TBL ORDER BY 2;
 five |     f1      
------+-------------
      |      -34.84
      |      -1e-39
      |           0
      |       1e-39
      | 1.23457e-20
      |      1004.3
      | 1.23457e+20
(7 rows)

SELECT '' AS four, f.* FROM FLOAT4_TBL f WHERE f.f1 <> '1004.3' ORDER BY 2;
 four |     f1      
------+-------------
      |      -34.84
      |      -1e-39
      |           0
      |       1e-39
      | 1.23457e-20
      | 1.23457e+20
(6 rows)

SELECT '' AS one, f.* FROM FLOAT4_TBL f WHERE f.f1 = '1004.3' ORDER BY 2;
 one |   f1   
-----+--------
     | 1004.3
(1 row)

SELECT '' AS three, f.* FROM FLOAT4_TBL f WHERE '1004.3' > f.f1 ORDER BY 2;
 three |     f1      
-------+-------------
       |      -34.84
       |      -1e-39
       |           0
       |       1e-39
       | 1.23457e-20
(5 rows)

SELECT '' AS three, f.* FROM FLOAT4_TBL f WHERE  f.f1 < '1004.3' ORDER BY 2;
 three |     f1      
-------+-------------
       |      -34.84
       |      -1e-39
       |           0
       |       1e-39
       | 1.23457e-20
(5 rows)

SELECT '' AS four, f.* FROM FLOAT4_TBL f WHERE '1004.3' >= f.f1 ORDER BY 2;
 four |     f1      
------+-------------
      |      -34.84
      |      -1e-39
      |           0
      |       1e-39
      | 1.23457e-20
      |      1004.3
(6 rows)

SELECT '' AS four, f.* FROM FLOAT4_TBL f WHERE  f.f1 <= '1004.3' ORDER BY 2;
 four |     f1      
------+-------------
      |      -34.84
      |      -1e-39
      |           0
      |       1e-39
      | 1.23457e-20
      |      1004.3
(6 rows)

SELECT '' AS three, f.f1, f.f1 * '-10' AS x FROM FLOAT4_TBL f
   WHERE f.f1 > '0.0' ORDER BY 2;
 three |     f1      |      x       
-------+-------------+--------------
       |       1e-39 |       -1e-38
       | 1.23457e-20 | -1.23457e-19
       |      1004.3 |       -10043
       | 1.23457e+20 | -1.23457e+21
(4 rows)

SELECT '' AS three, f.f1, f.f1 + '-10' AS x FROM FLOAT4_TBL f
   WHERE f.f1 > '0.0' ORDER BY 2;
 three |     f1      |      x      
-------+-------------+-------------
       |       1e-39 |         -10
       | 1.23457e-20 |         -10
       |      1004.3 |       994.3
       | 1.23457e+20 | 1.23457e+20
(4 rows)

SELECT '' AS three, f.f1, f.f1 / '-10' AS x FROM FLOAT4_TBL f
   WHERE f.f1 > '0.0' ORDER BY 2;
 three |     f1      |      x       
-------+-------------+--------------
       |       1e-39 | -9.99995e-41
       | 1.23457e-20 | -1.23457e-21
       |      1004.3 |      -100.43
       | 1.23457e+20 | -1.23457e+19
(4 rows)

SELECT '' AS three, f.f1, f.f1 - '-10' AS x FROM FLOAT4_TBL f
   WHERE f.f1 > '0.0' ORDER BY 2;
 three |     f1      |      x      
-------+-------------+-------------
       |       1e-39 |          10
       | 1.23457e-20 |          10
       |      1004.3 |      1014.3
       | 1.23457e+20 | 1.23457e+20
(4 rows)

-- test divide by zero
SELECT '' AS bad, f.f1 / '0.0' from FLOAT4_TBL f;
psql:/tmp/TestType_float4.sql:75: ERROR:  division by zero
SELECT '' AS five, * FROM FLOAT4_TBL ORDER BY 2;
 five |     f1      
------+-------------
      |      -34.84
      |      -1e-39
      |           0
      |       1e-39
      | 1.23457e-20
      |      1004.3
      | 1.23457e+20
(7 rows)

-- test the unary float4abs operator 
SELECT '' AS five, f.f1, @f.f1 AS abs_f1 FROM FLOAT4_TBL f ORDER BY 2;
 five |     f1      |   abs_f1    
------+-------------+-------------
      |      -34.84 |       34.84
      |      -1e-39 |       1e-39
      |           0 |           0
      |       1e-39 |       1e-39
      | 1.23457e-20 | 1.23457e-20
      |      1004.3 |      1004.3
      | 1.23457e+20 | 1.23457e+20
(7 rows)

-- MPP doesn't support this yet.
--UPDATE FLOAT4_TBL
--   SET f1 = FLOAT4_TBL.f1 * '-1'
--   WHERE FLOAT4_TBL.f1 > '0.0';
--SELECT '' AS five, * FROM FLOAT4_TBL ORDER BY 2;
