--
-- MONEY
--
CREATE TABLE MONEY_TBL (f1  money);
CREATE TABLE
INSERT INTO MONEY_TBL(f1) VALUES ('    0.0');
INSERT 0 1
INSERT INTO MONEY_TBL(f1) VALUES ('1004.30   ');
INSERT 0 1
INSERT INTO MONEY_TBL(f1) VALUES ('     -34.84    ');
INSERT 0 1
INSERT INTO MONEY_TBL(f1) VALUES ('123456789012345.67');
INSERT 0 1
-- test money over and under flow
SELECT '12345678901234567890.12'::money = '-13639628150831692.60'::money as x;
 x 
---
 t
(1 row)

SELECT '123.001'::money = '123'::money as x;
 x 
---
 t
(1 row)

-- bad input
INSERT INTO MONEY_TBL(f1) VALUES ('xyz');
psql:/tmp/TestType_money.sql:20: ERROR:  invalid input syntax for type money: "xyz"
INSERT INTO MONEY_TBL(f1) VALUES ('5.0.0');
psql:/tmp/TestType_money.sql:21: ERROR:  invalid input syntax for type money: "5.0.0"
INSERT INTO MONEY_TBL(f1) VALUES ('5 . 0');
psql:/tmp/TestType_money.sql:22: ERROR:  invalid input syntax for type money: "5 . 0"
INSERT INTO MONEY_TBL(f1) VALUES ('5.   0');
psql:/tmp/TestType_money.sql:23: ERROR:  invalid input syntax for type money: "5.   0"
INSERT INTO MONEY_TBL(f1) VALUES ('123            5');
psql:/tmp/TestType_money.sql:24: ERROR:  invalid input syntax for type money: "123            5"
-- queries
SELECT '' AS five, * FROM MONEY_TBL ORDER BY 2;
 five |           f1            
------+-------------------------
      |                 -$34.84
      |                   $0.00
      |               $1,004.30
      | $123,456,789,012,345.67
(4 rows)

SELECT '' AS four, f.* FROM MONEY_TBL f WHERE f.f1 <> '1004.3' ORDER BY 2;
 four |           f1            
------+-------------------------
      |                 -$34.84
      |                   $0.00
      | $123,456,789,012,345.67
(3 rows)

SELECT '' AS one, f.* FROM MONEY_TBL f WHERE f.f1 = '1004.3' ORDER BY 2;
 one |    f1     
-----+-----------
     | $1,004.30
(1 row)

SELECT '' AS three, f.* FROM MONEY_TBL f WHERE '1004.3' > f.f1 ORDER BY 2;
 three |   f1    
-------+---------
       | -$34.84
       |   $0.00
(2 rows)

SELECT '' AS three, f.* FROM MONEY_TBL f WHERE  f.f1 < '1004.3' ORDER BY 2;
 three |   f1    
-------+---------
       | -$34.84
       |   $0.00
(2 rows)

SELECT '' AS four, f.* FROM MONEY_TBL f WHERE '1004.3' >= f.f1 ORDER BY 2;
 four |    f1     
------+-----------
      |   -$34.84
      |     $0.00
      | $1,004.30
(3 rows)

SELECT '' AS four, f.* FROM MONEY_TBL f WHERE  f.f1 <= '1004.3' ORDER BY 2;
 four |    f1     
------+-----------
      |   -$34.84
      |     $0.00
      | $1,004.30
(3 rows)

SELECT '' AS three, f.f1, f.f1 * '-10' AS x FROM MONEY_TBL f
   WHERE f.f1 > '0.0' ORDER BY 2;
 three |           f1            |             x              
-------+-------------------------+----------------------------
       |               $1,004.30 |                -$10,043.00
       | $123,456,789,012,345.67 | -$1,234,567,890,123,456.80
(2 rows)

SELECT '' AS three, f.f1, f.f1 + '-10' AS x FROM MONEY_TBL f
   WHERE f.f1 > '0.0' ORDER BY 2;
 three |           f1            |            x            
-------+-------------------------+-------------------------
       |               $1,004.30 |                 $994.30
       | $123,456,789,012,345.67 | $123,456,789,012,335.67
(2 rows)

SELECT '' AS three, f.f1, f.f1 / '-10' AS x FROM MONEY_TBL f
   WHERE f.f1 > '0.0' ORDER BY 2;
 three |           f1            |            x            
-------+-------------------------+-------------------------
       |               $1,004.30 |                -$100.43
       | $123,456,789,012,345.67 | -$12,345,678,901,234.57
(2 rows)

SELECT '' AS three, f.f1, f.f1 - '-10' AS x FROM MONEY_TBL f
   WHERE f.f1 > '0.0' ORDER BY 2;
 three |           f1            |            x            
-------+-------------------------+-------------------------
       |               $1,004.30 |               $1,014.30
       | $123,456,789,012,345.67 | $123,456,789,012,355.67
(2 rows)

SELECT SUM(f.f1) AS x FROM MONEY_TBL f;
            x            
-------------------------
 $123,456,789,013,315.13
(1 row)

-- test divide by zero
SELECT '' AS bad, f.f1 / '0.0' from MONEY_TBL f;
psql:/tmp/TestType_money.sql:56: ERROR:  division by zero
SELECT '' AS five, * FROM MONEY_TBL ORDER BY 2;
 five |           f1            
------+-------------------------
      |                 -$34.84
      |                   $0.00
      |               $1,004.30
      | $123,456,789,012,345.67
(4 rows)

-- parquet table
CREATE TABLE MONEY_TBL_P (f1 money) with (appendonly=true, orientation=parquet);
CREATE TABLE
INSERT INTO MONEY_TBL_P(f1) VALUES ('    0.0');
INSERT 0 1
INSERT INTO MONEY_TBL_P(f1) VALUES ('1004.30   ');
INSERT 0 1
INSERT INTO MONEY_TBL_P(f1) VALUES ('     -34.84    ');
INSERT 0 1
INSERT INTO MONEY_TBL_P(f1) VALUES ('123456789012345.67');
INSERT 0 1
SELECT f1 FROM MONEY_TBL_P f
   ORDER BY f1;
           f1            
-------------------------
                 -$34.84
                   $0.00
               $1,004.30
 $123,456,789,012,345.67
(4 rows)

SELECT sum(f1) AS x, min(f1) as y, max(f1) as z FROM MONEY_TBL_P AS f;
            x            |    y    |            z            
-------------------------+---------+-------------------------
 $123,456,789,013,315.13 | -$34.84 | $123,456,789,012,345.67
(1 row)

