--
-- NAME
-- all inputs are silently truncated at NAMEDATALEN-1 (63) characters
--
-- fixed-length by reference
SELECT name 'name string' = name 'name string' AS "True";
 True 
------
 t
(1 row)

SELECT name 'name string' = name 'name string ' AS "False";
 False 
-------
 f
(1 row)

--
--
--
CREATE TABLE NAME_TBL(f1 name);
CREATE TABLE
INSERT INTO NAME_TBL(f1) VALUES ('1234567890ABCDEFGHIJKLMNOPQRSTUVWXYZ1234567890ABCDEFGHIJKLMNOPQR');
INSERT 0 1
INSERT INTO NAME_TBL(f1) VALUES ('1234567890abcdefghijklmnopqrstuvwxyz1234567890abcdefghijklmnopqr');
INSERT 0 1
INSERT INTO NAME_TBL(f1) VALUES ('asdfghjkl;');
INSERT 0 1
INSERT INTO NAME_TBL(f1) VALUES ('343f%2a');
INSERT 0 1
INSERT INTO NAME_TBL(f1) VALUES ('d34aaasdf');
INSERT 0 1
INSERT INTO NAME_TBL(f1) VALUES ('');
INSERT 0 1
INSERT INTO NAME_TBL(f1) VALUES ('1234567890ABCDEFGHIJKLMNOPQRSTUVWXYZ1234567890ABCDEFGHIJKLMNOPQRSTUVWXYZ');
INSERT 0 1
SELECT '' AS seven, * FROM NAME_TBL order by f1;
 seven |                               f1                                
-------+-----------------------------------------------------------------
       | 
       | 1234567890ABCDEFGHIJKLMNOPQRSTUVWXYZ1234567890ABCDEFGHIJKLMNOPQ
       | 1234567890ABCDEFGHIJKLMNOPQRSTUVWXYZ1234567890ABCDEFGHIJKLMNOPQ
       | 1234567890abcdefghijklmnopqrstuvwxyz1234567890abcdefghijklmnopq
       | 343f%2a
       | asdfghjkl;
       | d34aaasdf
(7 rows)

SELECT '' AS six, c.f1 FROM NAME_TBL c WHERE c.f1 <> '1234567890ABCDEFGHIJKLMNOPQRSTUVWXYZ1234567890ABCDEFGHIJKLMNOPQR' order by f1;
 six |                               f1                                
-----+-----------------------------------------------------------------
     | 
     | 1234567890abcdefghijklmnopqrstuvwxyz1234567890abcdefghijklmnopq
     | 343f%2a
     | asdfghjkl;
     | d34aaasdf
(5 rows)

SELECT '' AS one, c.f1 FROM NAME_TBL c WHERE c.f1 = '1234567890ABCDEFGHIJKLMNOPQRSTUVWXYZ1234567890ABCDEFGHIJKLMNOPQR' order by f1;
 one |                               f1                                
-----+-----------------------------------------------------------------
     | 1234567890ABCDEFGHIJKLMNOPQRSTUVWXYZ1234567890ABCDEFGHIJKLMNOPQ
     | 1234567890ABCDEFGHIJKLMNOPQRSTUVWXYZ1234567890ABCDEFGHIJKLMNOPQ
(2 rows)

SELECT '' AS three, c.f1 FROM NAME_TBL c WHERE c.f1 < '1234567890ABCDEFGHIJKLMNOPQRSTUVWXYZ1234567890ABCDEFGHIJKLMNOPQR' order by f1;
 three | f1 
-------+----
       | 
(1 row)

SELECT '' AS four, c.f1 FROM NAME_TBL c WHERE c.f1 <= '1234567890ABCDEFGHIJKLMNOPQRSTUVWXYZ1234567890ABCDEFGHIJKLMNOPQR' order by f1;
 four |                               f1                                
------+-----------------------------------------------------------------
      | 
      | 1234567890ABCDEFGHIJKLMNOPQRSTUVWXYZ1234567890ABCDEFGHIJKLMNOPQ
      | 1234567890ABCDEFGHIJKLMNOPQRSTUVWXYZ1234567890ABCDEFGHIJKLMNOPQ
(3 rows)

SELECT '' AS three, c.f1 FROM NAME_TBL c WHERE c.f1 > '1234567890ABCDEFGHIJKLMNOPQRSTUVWXYZ1234567890ABCDEFGHIJKLMNOPQR' order by f1;
 three |                               f1                                
-------+-----------------------------------------------------------------
       | 1234567890abcdefghijklmnopqrstuvwxyz1234567890abcdefghijklmnopq
       | 343f%2a
       | asdfghjkl;
       | d34aaasdf
(4 rows)

SELECT '' AS four, c.f1 FROM NAME_TBL c WHERE c.f1 >= '1234567890ABCDEFGHIJKLMNOPQRSTUVWXYZ1234567890ABCDEFGHIJKLMNOPQR' order by f1;
 four |                               f1                                
------+-----------------------------------------------------------------
      | 1234567890ABCDEFGHIJKLMNOPQRSTUVWXYZ1234567890ABCDEFGHIJKLMNOPQ
      | 1234567890ABCDEFGHIJKLMNOPQRSTUVWXYZ1234567890ABCDEFGHIJKLMNOPQ
      | 1234567890abcdefghijklmnopqrstuvwxyz1234567890abcdefghijklmnopq
      | 343f%2a
      | asdfghjkl;
      | d34aaasdf
(6 rows)

SELECT '' AS seven, c.f1 FROM NAME_TBL c WHERE c.f1 ~ '.*' order by f1;
 seven |                               f1                                
-------+-----------------------------------------------------------------
       | 
       | 1234567890ABCDEFGHIJKLMNOPQRSTUVWXYZ1234567890ABCDEFGHIJKLMNOPQ
       | 1234567890ABCDEFGHIJKLMNOPQRSTUVWXYZ1234567890ABCDEFGHIJKLMNOPQ
       | 1234567890abcdefghijklmnopqrstuvwxyz1234567890abcdefghijklmnopq
       | 343f%2a
       | asdfghjkl;
       | d34aaasdf
(7 rows)

SELECT '' AS zero, c.f1 FROM NAME_TBL c WHERE c.f1 !~ '.*' order by f1;
 zero | f1 
------+----
(0 rows)

SELECT '' AS three, c.f1 FROM NAME_TBL c WHERE c.f1 ~ '[0-9]' order by f1;
 three |                               f1                                
-------+-----------------------------------------------------------------
       | 1234567890ABCDEFGHIJKLMNOPQRSTUVWXYZ1234567890ABCDEFGHIJKLMNOPQ
       | 1234567890ABCDEFGHIJKLMNOPQRSTUVWXYZ1234567890ABCDEFGHIJKLMNOPQ
       | 1234567890abcdefghijklmnopqrstuvwxyz1234567890abcdefghijklmnopq
       | 343f%2a
       | d34aaasdf
(5 rows)

SELECT '' AS two, c.f1 FROM NAME_TBL c WHERE c.f1 ~ '.*asdf.*' order by f1;
 two |     f1     
-----+------------
     | asdfghjkl;
     | d34aaasdf
(2 rows)

DROP TABLE NAME_TBL;
DROP TABLE
