--
-- OID
--
CREATE TABLE OID_TBL(f1 oid);
CREATE TABLE
INSERT INTO OID_TBL(f1) VALUES ('1234');
INSERT 0 1
INSERT INTO OID_TBL(f1) VALUES ('1235');
INSERT 0 1
INSERT INTO OID_TBL(f1) VALUES ('987');
INSERT 0 1
INSERT INTO OID_TBL(f1) VALUES ('-1040');
INSERT 0 1
INSERT INTO OID_TBL(f1) VALUES ('99999999');
INSERT 0 1
INSERT INTO OID_TBL(f1) VALUES ('5     ');
INSERT 0 1
INSERT INTO OID_TBL(f1) VALUES ('   10  ');
INSERT 0 1
-- leading/trailing hard tab is also allowed
INSERT INTO OID_TBL(f1) VALUES ('	  15 	  ');
INSERT 0 1
-- bad inputs 
INSERT INTO OID_TBL(f1) VALUES ('');
psql:/tmp/TestType_oid.sql:21: ERROR:  invalid input syntax for type oid: ""
INSERT INTO OID_TBL(f1) VALUES ('    ');
psql:/tmp/TestType_oid.sql:22: ERROR:  invalid input syntax for type oid: "    "
INSERT INTO OID_TBL(f1) VALUES ('asdfasd');
psql:/tmp/TestType_oid.sql:23: ERROR:  invalid input syntax for type oid: "asdfasd"
INSERT INTO OID_TBL(f1) VALUES ('99asdfasd');
psql:/tmp/TestType_oid.sql:24: ERROR:  invalid input syntax for type oid: "99asdfasd"
INSERT INTO OID_TBL(f1) VALUES ('5    d');
psql:/tmp/TestType_oid.sql:25: ERROR:  invalid input syntax for type oid: "5    d"
INSERT INTO OID_TBL(f1) VALUES ('    5d');
psql:/tmp/TestType_oid.sql:26: ERROR:  invalid input syntax for type oid: "    5d"
INSERT INTO OID_TBL(f1) VALUES ('5    5');
psql:/tmp/TestType_oid.sql:27: ERROR:  invalid input syntax for type oid: "5    5"
INSERT INTO OID_TBL(f1) VALUES (' - 500');
psql:/tmp/TestType_oid.sql:28: ERROR:  invalid input syntax for type oid: " - 500"
INSERT INTO OID_TBL(f1) VALUES ('32958209582039852935');
psql:/tmp/TestType_oid.sql:29: ERROR:  value "32958209582039852935" is out of range for type oid
INSERT INTO OID_TBL(f1) VALUES ('-23582358720398502385');
psql:/tmp/TestType_oid.sql:30: ERROR:  value "-23582358720398502385" is out of range for type oid
SELECT '' AS six, * FROM OID_TBL order by 1, 2;
 six |     f1     
-----+------------
     |          5
     |         10
     |         15
     |        987
     |       1234
     |       1235
     |   99999999
     | 4294966256
(8 rows)

SELECT '' AS one, o.* FROM OID_TBL o WHERE o.f1 = 1234 order by 1, 2;
 one |  f1  
-----+------
     | 1234
(1 row)

SELECT '' AS five, o.* FROM OID_TBL o WHERE o.f1 <> '1234' order by 1,2;
 five |     f1     
------+------------
      |          5
      |         10
      |         15
      |        987
      |       1235
      |   99999999
      | 4294966256
(7 rows)

SELECT '' AS three, o.* FROM OID_TBL o WHERE o.f1 <= '1234' order by 1,2;
 three |  f1  
-------+------
       |    5
       |   10
       |   15
       |  987
       | 1234
(5 rows)

SELECT '' AS two, o.* FROM OID_TBL o WHERE o.f1 < '1234' order by 1,2;
 two | f1  
-----+-----
     |   5
     |  10
     |  15
     | 987
(4 rows)

SELECT '' AS four, o.* FROM OID_TBL o WHERE o.f1 >= '1234'  order by 1,2;
 four |     f1     
------+------------
      |       1234
      |       1235
      |   99999999
      | 4294966256
(4 rows)

SELECT '' AS three, o.* FROM OID_TBL o WHERE o.f1 > '1234' order by 1,2;
 three |     f1     
-------+------------
       |       1235
       |   99999999
       | 4294966256
(3 rows)

DROP TABLE OID_TBL;
DROP TABLE
