--
-- TIME
--
CREATE TABLE TIME_TBL (f1 time(2));
CREATE TABLE
INSERT INTO TIME_TBL VALUES ('00:00');
INSERT 0 1
INSERT INTO TIME_TBL VALUES ('01:00');
INSERT 0 1
-- as of 7.4, timezone spec should be accepted and ignored
INSERT INTO TIME_TBL VALUES ('02:03 PST');
INSERT 0 1
INSERT INTO TIME_TBL VALUES ('11:59 EDT');
INSERT 0 1
INSERT INTO TIME_TBL VALUES ('12:00');
INSERT 0 1
INSERT INTO TIME_TBL VALUES ('12:01');
INSERT 0 1
INSERT INTO TIME_TBL VALUES ('23:59');
INSERT 0 1
INSERT INTO TIME_TBL VALUES ('11:59:59.99 PM');
INSERT 0 1
INSERT INTO TIME_TBL VALUES ('2003-03-07 15:36:39 America/New_York');
INSERT 0 1
INSERT INTO TIME_TBL VALUES ('2003-07-07 15:36:39 America/New_York');
INSERT 0 1
-- this should fail (the timezone offset is not known)
INSERT INTO TIME_TBL VALUES ('15:36:39 America/New_York');
psql:/tmp/TestType_time.sql:23: ERROR:  invalid input syntax for type time: "15:36:39 America/New_York"
SELECT f1 AS "Time" FROM TIME_TBL ORDER BY 1;
    Time     
-------------
 00:00:00
 01:00:00
 02:03:00
 11:59:00
 12:00:00
 12:01:00
 15:36:39
 15:36:39
 23:59:00
 23:59:59.99
(10 rows)

SELECT f1 AS "Three" FROM TIME_TBL WHERE f1 < '05:06:07' ORDER BY 1;
  Three   
----------
 00:00:00
 01:00:00
 02:03:00
(3 rows)

SELECT f1 AS "Five" FROM TIME_TBL WHERE f1 > '05:06:07' ORDER BY 1;
    Five     
-------------
 11:59:00
 12:00:00
 12:01:00
 15:36:39
 15:36:39
 23:59:00
 23:59:59.99
(7 rows)

SELECT f1 AS "None" FROM TIME_TBL WHERE f1 < '00:00' ORDER BY 1;
 None 
------
(0 rows)

SELECT f1 AS "Eight" FROM TIME_TBL WHERE f1 >= '00:00' ORDER BY 1;
    Eight    
-------------
 00:00:00
 01:00:00
 02:03:00
 11:59:00
 12:00:00
 12:01:00
 15:36:39
 15:36:39
 23:59:00
 23:59:59.99
(10 rows)

--
-- TIME simple math
--
-- We now make a distinction between time and intervals,
-- and adding two times together makes no sense at all.
-- Leave in one query to show that it is rejected,
-- and do the rest of the testing in horology.sql
-- where we do mixed-type arithmetic. - thomas 2000-12-02
SELECT f1 + time '00:01' AS "Illegal" FROM TIME_TBL;
psql:/tmp/TestType_time.sql:44: ERROR:  operator is not unique: time without time zone + time without time zone
LINE 1: SELECT f1 + time '00:01' AS "Illegal" FROM TIME_TBL;
                  ^
HINT:  Could not choose a best candidate operator. You may need to add explicit type casts.
--
-- Support timezone_abbreviations = 'Asia'
--
-- For some reason this seems to have been missed to support
-- CST (China Standard Time). On some platforms, for example,
-- Linux, CST is used as time string suffix of GMT+8, especially
-- for users in China. In such case, the timestamp of log is
-- '14 hours' ahead of the actual China time (GMT+8).
SHOW timezone_abbreviations; -- info for debug, should always be 'Default'
 timezone_abbreviations 
------------------------
 Default
(1 row)

SET timezone_abbreviations TO 'Asia';
SET
SELECT abbrev, utc_offset FROM pg_timezone_abbrevs WHERE abbrev = 'CST';
 abbrev | utc_offset 
--------+------------
 CST    | 08:00:00
(1 row)

SELECT '2002-09-24 10:10 CST'::TIMESTAMP WITH TIME ZONE;
         timestamptz          
------------------------------
 Mon Sep 23 19:10:00 2002 PDT
(1 row)

SELECT '2002-09-24 10:10 Asia/Shanghai'::TIMESTAMP WITH TIME ZONE; -- won't change
         timestamptz          
------------------------------
 Mon Sep 23 19:10:00 2002 PDT
(1 row)

SELECT '2002-09-24 10:10 GST'::TIMESTAMP WITH TIME ZONE; -- Gulf Standard Time, Asia/Dubai
         timestamptz          
------------------------------
 Mon Sep 23 23:10:00 2002 PDT
(1 row)

SELECT '2002-09-24 10:10 IST'::TIMESTAMP WITH TIME ZONE; -- Indian Standard Time
         timestamptz          
------------------------------
 Mon Sep 23 21:40:00 2002 PDT
(1 row)

SET timezone_abbreviations TO 'Default';
SET
SELECT abbrev, utc_offset FROM pg_timezone_abbrevs WHERE abbrev = 'CST';
 abbrev | utc_offset 
--------+------------
 CST    | -06:00:00
(1 row)

SELECT '2002-09-24 10:10 CST'::TIMESTAMP WITH TIME ZONE;
         timestamptz          
------------------------------
 Tue Sep 24 09:10:00 2002 PDT
(1 row)

SELECT '2002-09-24 10:10 Asia/Shanghai'::TIMESTAMP WITH TIME ZONE; -- won't change
         timestamptz          
------------------------------
 Mon Sep 23 19:10:00 2002 PDT
(1 row)

SELECT '2002-09-24 10:10 GST'::TIMESTAMP WITH TIME ZONE; -- 'GST' is invalid in Default
psql:/tmp/TestType_time.sql:68: ERROR:  invalid input syntax for type timestamp with time zone: "2002-09-24 10:10 GST"
LINE 1: SELECT '2002-09-24 10:10 GST'::TIMESTAMP WITH TIME ZONE;
               ^
SELECT '2002-09-24 10:10 IST'::TIMESTAMP WITH TIME ZONE; -- Israel Standard Time
         timestamptz          
------------------------------
 Tue Sep 24 01:10:00 2002 PDT
(1 row)

