-- start_ignore
SET SEARCH_PATH=TestHashJoinBloomFilter_BasicTest;
SET
-- end_ignore
set hawq_hashjoin_bloomfilter=true;
SET
select * from fact, dim where fact.c1 = dim.c1 and dim.c2 < 4 order by dim.c1;
  c1  |  c3  |  c1  | c2 
------+------+------+----
    1 |    1 |    1 |  3
    1 |    1 |    1 |  2
    1 |    1 |    1 |  1
    2 |    2 |    2 |  3
    3 |    3 |    3 |  1
 2000 | 2000 | 2000 |  1
 3000 | 3000 | 3000 |  2
(7 rows)

select count(*) from fact, dim where fact.c1 = dim.c1 and dim.c2 < 4;
 count 
-------
     7
(1 row)

select fact.c1 from fact, dim where fact.c1 = dim.c1 and dim.c2 < 4 order by dim.c1;
  c1  
------
    1
    1
    1
    2
    3
 2000
 3000
(7 rows)

select fact.c1, dim.c1 from fact, dim where fact.c1 = dim.c1 and dim.c2 <4 order by dim.c1;
  c1  |  c1  
------+------
    1 |    1
    1 |    1
    1 |    1
    2 |    2
    3 |    3
 2000 | 2000
 3000 | 3000
(7 rows)

select fact.c1, dim.c1, dim.c2 from fact, dim where fact.c1 = dim.c1 and dim.c2 <4 order by dim.c1;
  c1  |  c1  | c2 
------+------+----
    1 |    1 |  3
    1 |    1 |  2
    1 |    1 |  1
    2 |    2 |  3
    3 |    3 |  1
 2000 | 2000 |  1
 3000 | 3000 |  2
(7 rows)

select dim.c1, dim.c2 from fact, dim where fact.c1 = dim.c1 and dim.c2<4;
  c1  | c2 
------+----
    3 |  1
    2 |  3
 3000 |  2
    1 |  1
    1 |  3
    1 |  2
 2000 |  1
(7 rows)

    
with part1 as (
  select c1 from dim where c1 < 4
),
part2 as (
  select c1, 0.2 * avg(c3) as avg_c3
  from fact
  where c1 IN (select c1 from part1)
  group by c1
),
part3 as (
  select 
  * 
  from fact where c1 in (select c1 from part1)
)
select sum(c3) from part2, part3 where part2.c1 = part3.c1;
 sum 
-----
   6
(1 row)

with part1 as (
  select c1 from dim where c1 < 4
),
part2 as (
  select c1, 0.2 * avg(c3) as avg_c3
  from fact
  where c1 IN (select c1 from part1)
  group by c1
),
part3 as (
  select 
  c1, c3
  from fact where c1 in (select c1 from part1)
)
select sum(c3) from part2, part3 where part2.c1 = part3.c1;
 sum 
-----
   6
(1 row)

with part1 as (
  select c1 from dim where c1 < 4
),
part2 as (
  select c1, 0.2 * avg(c3) as avg_c3
  from fact
  where c1 IN (select c1 from part1)
  group by c1
),
part3 as (
  select 
  c3, c1
  from fact where c1 in (select c1 from part1)
)
select sum(c3) from part2, part3 where part2.c1 = part3.c1;
 sum 
-----
   6
(1 row)

