-- start_ignore
SET SEARCH_PATH=TestVexecutor_vagg;
SET
-- end_ignore
select avg(a), count(b), sum(c), count(*) from test_int2;
 avg | count | sum | count 
-----+-------+-----+-------
 8.5 |    16 |  32 |    17
(1 row)

select avg(a), count(b), sum(c), count(*) from test_int4;
 avg | count | sum | count 
-----+-------+-----+-------
 8.5 |    16 |  32 |    17
(1 row)

select avg(a), count(b), sum(c), count(*) from test_int8;
 avg | count | sum | count 
-----+-------+-----+-------
 8.5 |    16 |  32 |    17
(1 row)

select avg(a), count(b), sum(c), count(*) from test_float4;
 avg | count | sum | count 
-----+-------+-----+-------
 8.5 |    16 |  32 |    17
(1 row)

select avg(a), count(b), sum(c), count(*) from test_float8;
 avg | count | sum | count 
-----+-------+-----+-------
 8.5 |    16 |  32 |    17
(1 row)

select avg(a), count(b), sum(c), count(*) from test_int2 where a > 65536 and b > 0;
 avg | count | sum | count 
-----+-------+-----+-------
     |     0 |     |     0
(1 row)

select avg(a), count(b), sum(c), count(*) from test_int4 where a > 65536 and b > 0;
 avg | count | sum | count 
-----+-------+-----+-------
     |     0 |     |     0
(1 row)

select avg(a), count(b), sum(c), count(*) from test_int8 where a > 65536 and b > 0;
 avg | count | sum | count 
-----+-------+-----+-------
     |     0 |     |     0
(1 row)

select avg(a), count(b), sum(c), count(*) from test_float4 where a > 65536 and b > 0;
 avg | count | sum | count 
-----+-------+-----+-------
     |     0 |     |     0
(1 row)

select avg(a), count(b), sum(c), count(*) from test_float8 where a > 65536 and b > 0;
 avg | count | sum | count 
-----+-------+-----+-------
     |     0 |     |     0
(1 row)

select avg(a), count(b), sum(c), count(*) from test_int2 where a > 5120 and b > 0;
 avg | count | sum | count 
-----+-------+-----+-------
     |     0 |     |     0
(1 row)

select avg(a), count(b), sum(c), count(*) from test_int4 where a > 5120 and b > 0;
 avg | count | sum | count 
-----+-------+-----+-------
     |     0 |     |     0
(1 row)

select avg(a), count(b), sum(c), count(*) from test_int8 where a > 5120 and b > 0;
 avg | count | sum | count 
-----+-------+-----+-------
     |     0 |     |     0
(1 row)

select avg(a), count(b), sum(c), count(*) from test_float4 where a > 5120 and b > 0;
 avg | count | sum | count 
-----+-------+-----+-------
     |     0 |     |     0
(1 row)

select avg(a), count(b), sum(c), count(*) from test_float8 where a > 5120 and b > 0;
 avg | count | sum | count 
-----+-------+-----+-------
     |     0 |     |     0
(1 row)

select avg(a), count(b), sum(c), count(*) from test_int2 where a > 5120 and b > 0;
 avg | count | sum | count 
-----+-------+-----+-------
     |     0 |     |     0
(1 row)

select avg(a), count(b), sum(c), count(*) from test_int4 where a > 5120 and b > 0;
 avg | count | sum | count 
-----+-------+-----+-------
     |     0 |     |     0
(1 row)

select avg(a), count(b), sum(c), count(*) from test_int8 where a > 5120 and b > 0;
 avg | count | sum | count 
-----+-------+-----+-------
     |     0 |     |     0
(1 row)

select avg(a), count(b), sum(c), count(*) from test_float4 where a > 5120 and b > 0;
 avg | count | sum | count 
-----+-------+-----+-------
     |     0 |     |     0
(1 row)

select avg(a), count(b), sum(c), count(*) from test_float8 where a > 5120 and b > 0;
 avg | count | sum | count 
-----+-------+-----+-------
     |     0 |     |     0
(1 row)

select avg(a), count(b), sum(c), count(*) from test_int2;
 avg | count | sum | count 
-----+-------+-----+-------
 8.5 |    16 |  32 |    17
(1 row)

select avg(a), count(b), sum(c), count(*) from test_int4;
 avg | count | sum | count 
-----+-------+-----+-------
 8.5 |    16 |  32 |    17
(1 row)

select avg(a), count(b), sum(c), count(*) from test_int8;
 avg | count | sum | count 
-----+-------+-----+-------
 8.5 |    16 |  32 |    17
(1 row)

select avg(a), count(b), sum(c), count(*) from test_float4;
 avg | count | sum | count 
-----+-------+-----+-------
 8.5 |    16 |  32 |    17
(1 row)

select avg(a), count(b), sum(c), count(*) from test_float8;
 avg | count | sum | count 
-----+-------+-----+-------
 8.5 |    16 |  32 |    17
(1 row)

select avg(a) from test_int2;
 avg 
-----
 8.5
(1 row)

select avg(a) from test_int4;
 avg 
-----
 8.5
(1 row)

select avg(a) from test_int8;
 avg 
-----
 8.5
(1 row)

select avg(a) from test_float4;
 avg 
-----
 8.5
(1 row)

select avg(a) from test_float8;
 avg 
-----
 8.5
(1 row)

select avg(a) from test_int2 where a > 5120 and b > 0;
 avg 
-----
    
(1 row)

select avg(a) from test_int4 where a > 5120 and b > 0;
 avg 
-----
    
(1 row)

select avg(a) from test_int8 where a > 5120 and b > 0;
 avg 
-----
    
(1 row)

select avg(a) from test_float4 where a > 5120 and b > 0;
 avg 
-----
    
(1 row)

select avg(a) from test_float8 where a > 5120 and b > 0;
 avg 
-----
    
(1 row)

select sum(a) from test_int2;
 sum 
-----
 136
(1 row)

select sum(a) from test_int4;
 sum 
-----
 136
(1 row)

select sum(a) from test_int8;
 sum 
-----
 136
(1 row)

select sum(a) from test_float4;
 sum 
-----
 136
(1 row)

select sum(a) from test_float8;
 sum 
-----
 136
(1 row)

select sum(a) from test_int2 where a > 5120 and b > 0;
 sum 
-----
    
(1 row)

select sum(a) from test_int4 where a > 5120 and b > 0;
 sum 
-----
    
(1 row)

select sum(a) from test_int8 where a > 5120 and b > 0;
 sum 
-----
    
(1 row)

select sum(a) from test_float4 where a > 5120 and b > 0;
 sum 
-----
    
(1 row)

select sum(a) from test_float8 where a > 5120 and b > 0;
 sum 
-----
    
(1 row)

select count(a) from test_int2;
 count 
-------
    16
(1 row)

select count(a) from test_int4;
 count 
-------
    16
(1 row)

select count(a) from test_int8;
 count 
-------
    16
(1 row)

select count(a) from test_float4;
 count 
-------
    16
(1 row)

select count(a) from test_float8;
 count 
-------
    16
(1 row)

select count(a) from test_int2 where a > 5120 and b > 0;
 count 
-------
     0
(1 row)

select count(a) from test_int4 where a > 5120 and b > 0;
 count 
-------
     0
(1 row)

select count(a) from test_int8 where a > 5120 and b > 0;
 count 
-------
     0
(1 row)

select count(a) from test_float4 where a > 5120 and b > 0;
 count 
-------
     0
(1 row)

select count(a) from test_float8 where a > 5120 and b > 0;
 count 
-------
     0
(1 row)

select count(*) from test_int2;
 count 
-------
    17
(1 row)

select count(*) from test_int4;
 count 
-------
    17
(1 row)

select count(*) from test_int8;
 count 
-------
    17
(1 row)

select count(*) from test_float4;
 count 
-------
    17
(1 row)

select count(*) from test_float8;
 count 
-------
    17
(1 row)

select count(*) from test_int2 where a > 5120 and b > 0;
 count 
-------
     0
(1 row)

select count(*) from test_int4 where a > 5120 and b > 0;
 count 
-------
     0
(1 row)

select count(*) from test_int8 where a > 5120 and b > 0;
 count 
-------
     0
(1 row)

select count(*) from test_float4 where a > 5120 and b > 0;
 count 
-------
     0
(1 row)

select count(*) from test_float8 where a > 5120 and b > 0;
 count 
-------
     0
(1 row)

--group by a;
select avg(a), count(b), sum(c), count(*) from test_int2 where a > 5120 and b > 0 group by a order by a;
 avg | count | sum | count 
-----+-------+-----+-------
(0 rows)

select avg(a), count(b), sum(c), count(*) from test_int4 where a > 5120 and b > 0 group by a order by a;
 avg | count | sum | count 
-----+-------+-----+-------
(0 rows)

select avg(a), count(b), sum(c), count(*) from test_int8 where a > 5120 and b > 0 group by a order by a;
 avg | count | sum | count 
-----+-------+-----+-------
(0 rows)

select avg(a), count(b), sum(c), count(*) from test_float4 where a > 5120 and b > 0 group by a order by a;
 avg | count | sum | count 
-----+-------+-----+-------
(0 rows)

select avg(a), count(b), sum(c), count(*) from test_float8 where a > 5120 and b > 0 group by a order by a;
 avg | count | sum | count 
-----+-------+-----+-------
(0 rows)

select avg(a), count(b), sum(c), count(*) from test_int2 group by a order by a;
 avg | count | sum | count 
-----+-------+-----+-------
   1 |     1 |   2 |     1
   2 |     1 |   2 |     1
   3 |     1 |   2 |     1
   4 |     1 |   2 |     1
   5 |     1 |   2 |     1
   6 |     1 |   2 |     1
   7 |     1 |   2 |     1
   8 |     1 |   2 |     1
   9 |     1 |   2 |     1
  10 |     1 |   2 |     1
  11 |     1 |   2 |     1
  12 |     1 |   2 |     1
  13 |     1 |   2 |     1
  14 |     1 |   2 |     1
  15 |     1 |   2 |     1
  16 |     1 |   2 |     1
     |     0 |     |     1
(17 rows)

select avg(a), count(b), sum(c), count(*) from test_int4 group by a order by a;
 avg | count | sum | count 
-----+-------+-----+-------
   1 |     1 |   2 |     1
   2 |     1 |   2 |     1
   3 |     1 |   2 |     1
   4 |     1 |   2 |     1
   5 |     1 |   2 |     1
   6 |     1 |   2 |     1
   7 |     1 |   2 |     1
   8 |     1 |   2 |     1
   9 |     1 |   2 |     1
  10 |     1 |   2 |     1
  11 |     1 |   2 |     1
  12 |     1 |   2 |     1
  13 |     1 |   2 |     1
  14 |     1 |   2 |     1
  15 |     1 |   2 |     1
  16 |     1 |   2 |     1
     |     0 |     |     1
(17 rows)

select avg(a), count(b), sum(c), count(*) from test_int8 group by a order by a;
 avg | count | sum | count 
-----+-------+-----+-------
   1 |     1 |   2 |     1
   2 |     1 |   2 |     1
   3 |     1 |   2 |     1
   4 |     1 |   2 |     1
   5 |     1 |   2 |     1
   6 |     1 |   2 |     1
   7 |     1 |   2 |     1
   8 |     1 |   2 |     1
   9 |     1 |   2 |     1
  10 |     1 |   2 |     1
  11 |     1 |   2 |     1
  12 |     1 |   2 |     1
  13 |     1 |   2 |     1
  14 |     1 |   2 |     1
  15 |     1 |   2 |     1
  16 |     1 |   2 |     1
     |     0 |     |     1
(17 rows)

select avg(a), count(b), sum(c), count(*) from test_float4 group by a order by a;
 avg | count | sum | count 
-----+-------+-----+-------
   1 |     1 |   2 |     1
   2 |     1 |   2 |     1
   3 |     1 |   2 |     1
   4 |     1 |   2 |     1
   5 |     1 |   2 |     1
   6 |     1 |   2 |     1
   7 |     1 |   2 |     1
   8 |     1 |   2 |     1
   9 |     1 |   2 |     1
  10 |     1 |   2 |     1
  11 |     1 |   2 |     1
  12 |     1 |   2 |     1
  13 |     1 |   2 |     1
  14 |     1 |   2 |     1
  15 |     1 |   2 |     1
  16 |     1 |   2 |     1
     |     0 |     |     1
(17 rows)

select avg(a), count(b), sum(c), count(*) from test_float8 group by a order by a;
 avg | count | sum | count 
-----+-------+-----+-------
   1 |     1 |   2 |     1
   2 |     1 |   2 |     1
   3 |     1 |   2 |     1
   4 |     1 |   2 |     1
   5 |     1 |   2 |     1
   6 |     1 |   2 |     1
   7 |     1 |   2 |     1
   8 |     1 |   2 |     1
   9 |     1 |   2 |     1
  10 |     1 |   2 |     1
  11 |     1 |   2 |     1
  12 |     1 |   2 |     1
  13 |     1 |   2 |     1
  14 |     1 |   2 |     1
  15 |     1 |   2 |     1
  16 |     1 |   2 |     1
     |     0 |     |     1
(17 rows)

select avg(a) from test_int2 group by a order by a;
 avg 
-----
   1
   2
   3
   4
   5
   6
   7
   8
   9
  10
  11
  12
  13
  14
  15
  16
    
(17 rows)

select avg(a) from test_int4 group by a order by a;
 avg 
-----
   1
   2
   3
   4
   5
   6
   7
   8
   9
  10
  11
  12
  13
  14
  15
  16
    
(17 rows)

select avg(a) from test_int8 group by a order by a;
 avg 
-----
   1
   2
   3
   4
   5
   6
   7
   8
   9
  10
  11
  12
  13
  14
  15
  16
    
(17 rows)

select avg(a) from test_float4 group by a order by a;
 avg 
-----
   1
   2
   3
   4
   5
   6
   7
   8
   9
  10
  11
  12
  13
  14
  15
  16
    
(17 rows)

select avg(a) from test_float8 group by a order by a;
 avg 
-----
   1
   2
   3
   4
   5
   6
   7
   8
   9
  10
  11
  12
  13
  14
  15
  16
    
(17 rows)

select avg(a) from test_int2 where a > 5120 and b > 0 group by a order by a;
 avg 
-----
(0 rows)

select avg(a) from test_int4 where a > 5120 and b > 0 group by a order by a;
 avg 
-----
(0 rows)

select avg(a) from test_int8 where a > 5120 and b > 0 group by a order by a;
 avg 
-----
(0 rows)

select avg(a) from test_float4 where a > 5120 and b > 0 group by a order by a;
 avg 
-----
(0 rows)

select avg(a) from test_float8 where a > 5120 and b > 0 group by a order by a;
 avg 
-----
(0 rows)

select sum(a) from test_int2 group by a order by a;
 sum 
-----
   1
   2
   3
   4
   5
   6
   7
   8
   9
  10
  11
  12
  13
  14
  15
  16
    
(17 rows)

select sum(a) from test_int4 group by a order by a;
 sum 
-----
   1
   2
   3
   4
   5
   6
   7
   8
   9
  10
  11
  12
  13
  14
  15
  16
    
(17 rows)

select sum(a) from test_int8 group by a order by a;
 sum 
-----
   1
   2
   3
   4
   5
   6
   7
   8
   9
  10
  11
  12
  13
  14
  15
  16
    
(17 rows)

select sum(a) from test_float4 group by a order by a;
 sum 
-----
   1
   2
   3
   4
   5
   6
   7
   8
   9
  10
  11
  12
  13
  14
  15
  16
    
(17 rows)

select sum(a) from test_float8 group by a order by a;
 sum 
-----
   1
   2
   3
   4
   5
   6
   7
   8
   9
  10
  11
  12
  13
  14
  15
  16
    
(17 rows)

select sum(a) from test_int2 where a > 5120 and b > 0 group by a order by a;
 sum 
-----
(0 rows)

select sum(a) from test_int4 where a > 5120 and b > 0 group by a order by a;
 sum 
-----
(0 rows)

select sum(a) from test_int8 where a > 5120 and b > 0 group by a order by a;
 sum 
-----
(0 rows)

select sum(a) from test_float4 where a > 5120 and b > 0 group by a order by a;
 sum 
-----
(0 rows)

select sum(a) from test_float8 where a > 5120 and b > 0 group by a order by a;
 sum 
-----
(0 rows)

select count(a) from test_int2 group by a;
 count 
-------
     1
     1
     1
     1
     1
     1
     1
     1
     0
     1
     1
     1
     1
     1
     1
     1
     1
(17 rows)

select count(a) from test_int4 group by a;
 count 
-------
     1
     1
     1
     1
     1
     1
     0
     1
     1
     1
     1
     1
     1
     1
     1
     1
     1
(17 rows)

select count(a) from test_int8 group by a;
 count 
-------
     1
     1
     1
     1
     1
     1
     0
     1
     1
     1
     1
     1
     1
     1
     1
     1
     1
(17 rows)

select count(a) from test_float4 group by a;
 count 
-------
     1
     1
     1
     1
     1
     1
     1
     1
     1
     0
     1
     1
     1
     1
     1
     1
     1
(17 rows)

select count(a) from test_float8 group by a;
 count 
-------
     1
     1
     1
     1
     1
     0
     1
     1
     1
     1
     1
     1
     1
     1
     1
     1
     1
(17 rows)

select count(a) from test_int2 where a > 5120 and b > 0 group by a;
 count 
-------
(0 rows)

select count(a) from test_int4 where a > 5120 and b > 0 group by a;
 count 
-------
(0 rows)

select count(a) from test_int8 where a > 5120 and b > 0 group by a;
 count 
-------
(0 rows)

select count(a) from test_float4 where a > 5120 and b > 0 group by a;
 count 
-------
(0 rows)

select count(a) from test_float8 where a > 5120 and b > 0 group by a;
 count 
-------
(0 rows)

select count(*) from test_int2 group by a;
 count 
-------
     1
     1
     1
     1
     1
     1
     1
     1
     1
     1
     1
     1
     1
     1
     1
     1
     1
(17 rows)

select count(*) from test_int4 group by a;
 count 
-------
     1
     1
     1
     1
     1
     1
     1
     1
     1
     1
     1
     1
     1
     1
     1
     1
     1
(17 rows)

select count(*) from test_int8 group by a;
 count 
-------
     1
     1
     1
     1
     1
     1
     1
     1
     1
     1
     1
     1
     1
     1
     1
     1
     1
(17 rows)

select count(*) from test_float4 group by a;
 count 
-------
     1
     1
     1
     1
     1
     1
     1
     1
     1
     1
     1
     1
     1
     1
     1
     1
     1
(17 rows)

select count(*) from test_float8 group by a;
 count 
-------
     1
     1
     1
     1
     1
     1
     1
     1
     1
     1
     1
     1
     1
     1
     1
     1
     1
(17 rows)

select count(*) from test_int2 where a > 5120 and b > 0 group by a;
 count 
-------
(0 rows)

select count(*) from test_int4 where a > 5120 and b > 0 group by a;
 count 
-------
(0 rows)

select count(*) from test_int8 where a > 5120 and b > 0 group by a;
 count 
-------
(0 rows)

select count(*) from test_float4 where a > 5120 and b > 0 group by a;
 count 
-------
(0 rows)

select count(*) from test_float8 where a > 5120 and b > 0 group by a;
 count 
-------
(0 rows)

--group by b;
select avg(a), count(b), sum(c), count(*) from test_int2 where a > 5120 and b > 0 group by b;
 avg | count | sum | count 
-----+-------+-----+-------
(0 rows)

select avg(a), count(b), sum(c), count(*) from test_int4 where a > 5120 and b > 0 group by b;
 avg | count | sum | count 
-----+-------+-----+-------
(0 rows)

select avg(a), count(b), sum(c), count(*) from test_int8 where a > 5120 and b > 0 group by b;
 avg | count | sum | count 
-----+-------+-----+-------
(0 rows)

select avg(a), count(b), sum(c), count(*) from test_float4 where a > 5120 and b > 0 group by b;
 avg | count | sum | count 
-----+-------+-----+-------
(0 rows)

select avg(a), count(b), sum(c), count(*) from test_float8 where a > 5120 and b > 0 group by b;
 avg | count | sum | count 
-----+-------+-----+-------
(0 rows)

select avg(a), count(b), sum(c), count(*) from test_int2 group by b;
 avg | count | sum | count 
-----+-------+-----+-------
 8.5 |    16 |  32 |    16
     |     0 |     |     1
(2 rows)

select avg(a), count(b), sum(c), count(*) from test_int4 group by b;
 avg | count | sum | count 
-----+-------+-----+-------
 8.5 |    16 |  32 |    16
     |     0 |     |     1
(2 rows)

select avg(a), count(b), sum(c), count(*) from test_int8 group by b;
 avg | count | sum | count 
-----+-------+-----+-------
     |     0 |     |     1
 8.5 |    16 |  32 |    16
(2 rows)

select avg(a), count(b), sum(c), count(*) from test_float4 group by b;
 avg | count | sum | count 
-----+-------+-----+-------
 8.5 |    16 |  32 |    16
     |     0 |     |     1
(2 rows)

select avg(a), count(b), sum(c), count(*) from test_float8 group by b;
 avg | count | sum | count 
-----+-------+-----+-------
     |     0 |     |     1
 8.5 |    16 |  32 |    16
(2 rows)

select avg(a) from test_int2 group by b;
 avg 
-----
 8.5
    
(2 rows)

select avg(a) from test_int4 group by b;
 avg 
-----
 8.5
    
(2 rows)

select avg(a) from test_int8 group by b;
 avg 
-----
 8.5
    
(2 rows)

select avg(a) from test_float4 group by b;
 avg 
-----
 8.5
    
(2 rows)

select avg(a) from test_float8 group by b;
 avg 
-----
    
 8.5
(2 rows)

select avg(a) from test_int2 where a > 5120 and b > 0 group by b;
 avg 
-----
(0 rows)

select avg(a) from test_int4 where a > 5120 and b > 0 group by b;
 avg 
-----
(0 rows)

select avg(a) from test_int8 where a > 5120 and b > 0 group by b;
 avg 
-----
(0 rows)

select avg(a) from test_float4 where a > 5120 and b > 0 group by b;
 avg 
-----
(0 rows)

select avg(a) from test_float8 where a > 5120 and b > 0 group by b;
 avg 
-----
(0 rows)

select sum(a) from test_int2 group by b;
 sum 
-----
    
 136
(2 rows)

select sum(a) from test_int4 group by b;
 sum 
-----
    
 136
(2 rows)

select sum(a) from test_int8 group by b;
 sum 
-----
 136
    
(2 rows)

select sum(a) from test_float4 group by b;
 sum 
-----
 136
    
(2 rows)

select sum(a) from test_float8 group by b;
 sum 
-----
    
 136
(2 rows)

select sum(a) from test_int2 where a > 5120 and b > 0 group by b;
 sum 
-----
(0 rows)

select sum(a) from test_int4 where a > 5120 and b > 0 group by b;
 sum 
-----
(0 rows)

select sum(a) from test_int8 where a > 5120 and b > 0 group by b;
 sum 
-----
(0 rows)

select sum(a) from test_float4 where a > 5120 and b > 0 group by b;
 sum 
-----
(0 rows)

select sum(a) from test_float8 where a > 5120 and b > 0 group by b;
 sum 
-----
(0 rows)

select count(a) from test_int2 group by b;
 count 
-------
     0
    16
(2 rows)

select count(a) from test_int4 group by b;
 count 
-------
     0
    16
(2 rows)

select count(a) from test_int8 group by b;
 count 
-------
     0
    16
(2 rows)

select count(a) from test_float4 group by b;
 count 
-------
    16
     0
(2 rows)

select count(a) from test_float8 group by b;
 count 
-------
     0
    16
(2 rows)

select count(a) from test_int2 where a > 5120 and b > 0 group by b;
 count 
-------
(0 rows)

select count(a) from test_int4 where a > 5120 and b > 0 group by b;
 count 
-------
(0 rows)

select count(a) from test_int8 where a > 5120 and b > 0 group by b;
 count 
-------
(0 rows)

select count(a) from test_float4 where a > 5120 and b > 0 group by b;
 count 
-------
(0 rows)

select count(a) from test_float8 where a > 5120 and b > 0 group by b;
 count 
-------
(0 rows)

select count(*) from test_int2 group by b;
 count 
-------
     1
    16
(2 rows)

select count(*) from test_int4 group by b;
 count 
-------
     1
    16
(2 rows)

select count(*) from test_int8 group by b;
 count 
-------
     1
    16
(2 rows)

select count(*) from test_float4 group by b;
 count 
-------
    16
     1
(2 rows)

select count(*) from test_float8 group by b;
 count 
-------
     1
    16
(2 rows)

select count(*) from test_int2 where a > 5120 and b > 0 group by b;
 count 
-------
(0 rows)

select count(*) from test_int4 where a > 5120 and b > 0 group by b;
 count 
-------
(0 rows)

select count(*) from test_int8 where a > 5120 and b > 0 group by b;
 count 
-------
(0 rows)

select count(*) from test_float4 where a > 5120 and b > 0 group by b;
 count 
-------
(0 rows)

select count(*) from test_float8 where a > 5120 and b > 0 group by b;
 count 
-------
(0 rows)

--group by b,c;
select avg(a), count(b), sum(c), count(*) from test_int2 where a > 5120 and b > 0 group by b,c;
 avg | count | sum | count 
-----+-------+-----+-------
(0 rows)

select avg(a), count(b), sum(c), count(*) from test_int4 where a > 5120 and b > 0 group by b,c;
 avg | count | sum | count 
-----+-------+-----+-------
(0 rows)

select avg(a), count(b), sum(c), count(*) from test_int8 where a > 5120 and b > 0 group by b,c;
 avg | count | sum | count 
-----+-------+-----+-------
(0 rows)

select avg(a), count(b), sum(c), count(*) from test_float4 where a > 5120 and b > 0 group by b,c;
 avg | count | sum | count 
-----+-------+-----+-------
(0 rows)

select avg(a), count(b), sum(c), count(*) from test_float8 where a > 5120 and b > 0 group by b,c;
 avg | count | sum | count 
-----+-------+-----+-------
(0 rows)

select avg(a), count(b), sum(c), count(*) from test_int2 group by b,c;
 avg | count | sum | count 
-----+-------+-----+-------
 8.5 |    16 |  32 |    16
     |     0 |     |     1
(2 rows)

select avg(a), count(b), sum(c), count(*) from test_int4 group by b,c;
 avg | count | sum | count 
-----+-------+-----+-------
 8.5 |    16 |  32 |    16
     |     0 |     |     1
(2 rows)

select avg(a), count(b), sum(c), count(*) from test_int8 group by b,c;
 avg | count | sum | count 
-----+-------+-----+-------
     |     0 |     |     1
 8.5 |    16 |  32 |    16
(2 rows)

select avg(a), count(b), sum(c), count(*) from test_float4 group by b,c;
 avg | count | sum | count 
-----+-------+-----+-------
 8.5 |    16 |  32 |    16
     |     0 |     |     1
(2 rows)

select avg(a), count(b), sum(c), count(*) from test_float8 group by b,c;
 avg | count | sum | count 
-----+-------+-----+-------
 8.5 |    16 |  32 |    16
     |     0 |     |     1
(2 rows)

select avg(a) from test_int2 group by b,c;
 avg 
-----
 8.5
    
(2 rows)

select avg(a) from test_int4 group by b,c;
 avg 
-----
 8.5
    
(2 rows)

select avg(a) from test_int8 group by b,c;
 avg 
-----
 8.5
    
(2 rows)

select avg(a) from test_float4 group by b,c;
 avg 
-----
 8.5
    
(2 rows)

select avg(a) from test_float8 group by b,c;
 avg 
-----
 8.5
    
(2 rows)

select avg(a) from test_int2 where a > 5120 and b > 0 group by b,c;
 avg 
-----
(0 rows)

select avg(a) from test_int4 where a > 5120 and b > 0 group by b,c;
 avg 
-----
(0 rows)

select avg(a) from test_int8 where a > 5120 and b > 0 group by b,c;
 avg 
-----
(0 rows)

select avg(a) from test_float4 where a > 5120 and b > 0 group by b,c;
 avg 
-----
(0 rows)

select avg(a) from test_float8 where a > 5120 and b > 0 group by b,c;
 avg 
-----
(0 rows)

select sum(a) from test_int2 group by b,c;
 sum 
-----
    
 136
(2 rows)

select sum(a) from test_int4 group by b,c;
 sum 
-----
    
 136
(2 rows)

select sum(a) from test_int8 group by b,c;
 sum 
-----
 136
    
(2 rows)

select sum(a) from test_float4 group by b,c;
 sum 
-----
    
 136
(2 rows)

select sum(a) from test_float8 group by b,c;
 sum 
-----
    
 136
(2 rows)

select sum(a) from test_int2 where a > 5120 and b > 0 group by b,c;
 sum 
-----
(0 rows)

select sum(a) from test_int4 where a > 5120 and b > 0 group by b,c;
 sum 
-----
(0 rows)

select sum(a) from test_int8 where a > 5120 and b > 0 group by b,c;
 sum 
-----
(0 rows)

select sum(a) from test_float4 where a > 5120 and b > 0 group by b,c;
 sum 
-----
(0 rows)

select sum(a) from test_float8 where a > 5120 and b > 0 group by b,c;
 sum 
-----
(0 rows)

select count(a) from test_int2 group by b,c;
 count 
-------
     0
    16
(2 rows)

select count(a) from test_int4 group by b,c;
 count 
-------
     0
    16
(2 rows)

select count(a) from test_int8 group by b,c;
 count 
-------
     0
    16
(2 rows)

select count(a) from test_float4 group by b,c;
 count 
-------
     0
    16
(2 rows)

select count(a) from test_float8 group by b,c;
 count 
-------
     0
    16
(2 rows)

select count(a) from test_int2 where a > 5120 and b > 0 group by b,c;
 count 
-------
(0 rows)

select count(a) from test_int4 where a > 5120 and b > 0 group by b,c;
 count 
-------
(0 rows)

select count(a) from test_int8 where a > 5120 and b > 0 group by b,c;
 count 
-------
(0 rows)

select count(a) from test_float4 where a > 5120 and b > 0 group by b,c;
 count 
-------
(0 rows)

select count(a) from test_float8 where a > 5120 and b > 0 group by b,c;
 count 
-------
(0 rows)

select count(*) from test_int2 group by b,c;
 count 
-------
     1
    16
(2 rows)

select count(*) from test_int4 group by b,c;
 count 
-------
     1
    16
(2 rows)

select count(*) from test_int8 group by b,c;
 count 
-------
     1
    16
(2 rows)

select count(*) from test_float4 group by b,c;
 count 
-------
     1
    16
(2 rows)

select count(*) from test_float8 group by b,c;
 count 
-------
     1
    16
(2 rows)

select count(*) from test_int2 where a > 5120 and b > 0 group by b,c;
 count 
-------
(0 rows)

select count(*) from test_int4 where a > 5120 and b > 0 group by b,c;
 count 
-------
(0 rows)

select count(*) from test_int8 where a > 5120 and b > 0 group by b,c;
 count 
-------
(0 rows)

select count(*) from test_float4 where a > 5120 and b > 0 group by b,c;
 count 
-------
(0 rows)

select count(*) from test_float8 where a > 5120 and b > 0 group by b,c;
 count 
-------
(0 rows)

